{
    "Version": "2012-10-17",
    "Statement": [
        {
            "Effect": "Allow",
            "Principal": {
                "AWS": "arn:aws:iam::369574464406:user/trainingUser"
            },
            "Action": "s3:ListBucket",
            "Resource": "arn:aws:s3:::dsg-terraform-backend"
        },
        {
            "Effect": "Allow",
            "Principal": {
                "AWS": "arn:aws:iam::369574464406:user/trainingUser"
            },
            "Action": [
                "s3:GetObject",
                "s3:PutObject"
            ],
            "Resource": "arn:aws:s3:::dsg-terraform-backend/*"
        }
    ]
}