{
    "Version": "2012-10-17",
    "Statement": [
        {
            "Effect": "Allow",
            "Principal": {
                "AWS": "<your_user_arn>"
            },
            "Action": "s3:ListBucket",
            "Resource": "arn:aws:s3:::<your_bucket_name>"
        },
        {
            "Effect": "Allow",
            "Principal": {
                "AWS": "<your_user_arn>"
            },
            "Action": [
                "s3:GetObject",
                "s3:PutObject"
            ],
            "Resource": "arn:aws:s3:::<your_bucket_name>/*"
        }
    ]
}